{
  "version": 1,
  "author": "Uri Shaked",
  "editor": "wokwi",
  "parts": [
    { "type": "wokwi-arduino-uno", "id": "uno", "top": 29.4, "left": -144.6, "attrs": {} },
    { "type": "chip-st7789", "id": "chip1", "top": -18.18, "left": 148.8, "attrs": {} },
    { "type": "wokwi-ds1307", "id": "rtc1", "top": -63, "left": -19.1, "attrs": {} }
  ],
  "connections": [
    [ "chip1:SCK", "uno:13", "", [ "h0" ] ],
    [ "uno:12", "chip1:MISO", "", [ "v0" ] ],
    [ "chip1:MOSI", "uno:11", "", [ "h0" ] ],
    [ "chip1:GND", "uno:GND.3", "", [ "v0", "h66.04", "v393.6", "h-124.8" ] ],
    [ "chip1:VCC", "uno:5V", "", [ "h75.64", "v412.8", "h-134.4", "v-30.83" ] ],
    [ "chip1:SCL", "uno:13", "", [ "h-9.6", "v144", "h38.4" ] ],
    [ "chip1:SDA", "uno:11", "", [ "h-19.2", "v163.2", "h67.2" ] ],
    [ "chip1:CS", "uno:10", "", [ "h-28.8", "v182.4", "h144" ] ],
    [ "chip1:DC", "uno:8", "", [ "h-38.4", "v201.6", "h153.6" ] ],
    [ "uno:3", "chip1:RST 9", "", [ "v0" ] ],
    [ "rtc1:GND", "uno:GND.1", "", [ "h-67.2", "v9.6" ] ],
    [ "rtc1:5V", "uno:VIN", "", [ "h0" ] ],
    [ "rtc1:SDA", "uno:A4.2", "", [ "h0" ] ],
    [ "rtc1:SCL", "uno:A5.2", "", [ "h-124.8", "v28.6" ] ]
  ],
  "dependencies": {}
}