{
  "version": 1,
  "author": "Arvind Patil",
  "editor": "wokwi",
  "parts": [
    { "type": "board-esp32-s3-devkitc-1", "id": "esp", "top": 0, "left": 0, "attrs": {} },
    {
      "type": "board-ssd1306",
      "id": "oled1",
      "top": 108.74,
      "left": -143.77,
      "attrs": { "i2cAddress": "0x3c" }
    }
  ],
  "connections": [
    [ "esp:TX", "$serialMonitor:RX", "", [] ],
    [ "esp:RX", "$serialMonitor:TX", "", [] ],
    [ "oled1:GND", "esp:GND.1", "black", [ "v-19.2", "h86.4", "v124.8", "h-9.6", "v9.6" ] ],
    [ "oled1:VCC", "esp:5V", "red", [ "v-28.8", "h86.55", "v134.4" ] ],
    [ "oled1:SCL", "esp:9", "green", [ "v-38.4", "h57.9", "v76.8" ] ],
    [ "oled1:SDA", "esp:8", "green", [ "v-57.6", "h67.27", "v19.2", "h28.8", "v28.8" ] ]
  ],
  "dependencies": {}
}