{
  "version": 1,
  "author": "Arvind Patil",
  "editor": "wokwi",
  "parts": [
    {
      "type": "board-esp32-devkit-v1",
      "id": "esp",
      "top": -51.3,
      "left": 2.82,
      "rotate": 90,
      "attrs": {}
    },
    {
      "type": "board-ssd1306",
      "id": "oled1",
      "top": 147.14,
      "left": 0.23,
      "attrs": { "i2cAddress": "0x3c" }
    }
  ],
  "connections": [
    [ "esp:TX", "$serialMonitor:RX", "", [] ],
    [ "esp:RX", "$serialMonitor:TX", "", [] ],
    [ "oled1:GND", "esp:GND.1", "black", [ "v-28.8", "h-28.8" ] ],
    [ "esp:VIN", "oled1:VCC", "red", [ "v28.8", "h-9.6", "v86.4", "h57.6" ] ],
    [ "esp:D22", "oled1:SCL", "green", [ "v28.31", "h-67.2" ] ],
    [ "oled1:SDA", "esp:D21", "green", [ "v-38.4", "h28.87" ] ]
  ],
  "dependencies": {}
}