{
  "version": 1,
  "author": "Arvind Patil",
  "editor": "wokwi",
  "parts": [
    {
      "type": "board-esp32-c3-devkitm-1",
      "id": "esp",
      "top": -84.78,
      "left": -3.9,
      "rotate": 90,
      "attrs": {}
    },
    {
      "type": "wokwi-lcd2004",
      "id": "lcd1",
      "top": 140.8,
      "left": -100,
      "attrs": { "pins": "i2c" }
    }
  ],
  "connections": [
    [ "esp:TX", "$serialMonitor:RX", "", [] ],
    [ "esp:RX", "$serialMonitor:TX", "", [] ],
    [ "esp:GND.5", "lcd1:GND", "black", [ "v-9.6", "h-48", "v172.8", "h-48", "v48" ] ],
    [ "esp:5V.2", "lcd1:VCC", "red", [ "v9.6", "h-115.2", "v230.4" ] ],
    [ "esp:8", "lcd1:SDA", "green", [ "v93.58", "h-220.8", "v48" ] ],
    [ "esp:9", "lcd1:SCL", "green", [ "v74.38", "h-268.8", "v76.8" ] ]
  ],
  "dependencies": {}
}