{
  "version": 1,
  "author": "Anonymous maker",
  "editor": "wokwi",
  "parts": [
    { "type": "wokwi-arduino-nano", "id": "uno", "top": 139.2, "left": 95.5, "attrs": {} },
    {
      "type": "chip-sh1107",
      "id": "oled1",
      "top": 231.42,
      "left": 177.6,
      "attrs": { "i2cAddress": "0x3c" }
    },
    {
      "type": "wokwi-text",
      "id": "leb1",
      "top": 96,
      "left": 48,
      "attrs": { "text": " अरविन्द पाटील यांचे आभासी घडयाळ 5/1/24 " }
    },
    {
      "type": "wokwi-text",
      "id": "leb2",
      "top": 67.2,
      "left": 38.4,
      "attrs": { "text": " https://wokwi.com/projects/388583145785900033" }
    }
  ],
  "connections": [
    [ "oled1:GND", "uno:GND.3", "black", [ "h8.44", "v-33.6", "h-137.8" ] ],
    [ "oled1:VCC", "uno:VIN", "red", [ "h18.04", "v-33.6", "h-137.9" ] ],
    [ "oled1:SCL", "uno:A5", "green", [ "h-9.6", "v-14.4", "h82.7" ] ],
    [ "oled1:SDA", "uno:A4", "blue", [ "h-19.2", "v-28.8", "h82.8" ] ]
  ],
  "dependencies": {}
}