{
  "version": 1,
  "author": "Arvind Patil",
  "editor": "wokwi",
  "parts": [
    {
      "type": "wokwi-arduino-nano",
      "id": "nano",
      "top": -2.8,
      "left": 164.5,
      "rotate": 270,
      "attrs": {}
    },
    {
      "type": "wokwi-ili9341",
      "id": "lcd1",
      "top": -124,
      "left": -38.7,
      "rotate": 270,
      "attrs": {}
    }
  ],
  "connections": [
    [ "lcd1:VCC", "nano:5V", "", [ "v57.6", "h220.8" ] ],
    [ "lcd1:GND", "nano:GND.1", "", [ "v38.4", "h345.6" ] ],
    [ "lcd1:CS", "nano:10", "", [ "v19.2", "h288" ] ],
    [ "lcd1:D/C", "nano:9", "", [ "v28.8", "h268.8" ] ],
    [ "lcd1:RST", "nano:8", "", [ "v86.4", "h278.4" ] ],
    [ "lcd1:MOSI", "nano:11", "", [ "v9.6", "h211.19" ] ],
    [ "lcd1:SCK", "nano:13", "", [ "v76.8", "h211.19" ] ]
  ],
  "dependencies": {}
}