{
  "version": 1,
  "author": "Arvind Patil",
  "editor": "wokwi",
  "parts": [
    {
      "type": "wokwi-arduino-nano",
      "id": "nano",
      "top": 26,
      "left": 87.7,
      "rotate": 270,
      "attrs": {}
    },
    { "type": "wokwi-ili9341", "id": "lcd1", "top": -114.4, "left": -67.5, "attrs": {} }
  ],
  "connections": [
    [ "lcd1:VCC", "nano:3.3V", "red", [ "v9.6", "h211.2", "v-67.2" ] ],
    [ "lcd1:GND", "nano:GND.2", "black", [ "v19.2", "h134.4", "v-172.8" ] ],
    [ "lcd1:CS", "nano:10", "blue", [ "v28.8", "h134.4", "v-96" ] ],
    [ "lcd1:RST", "nano:9", "gold", [ "v48", "h153.6", "v-172.8" ] ],
    [ "lcd1:D/C", "nano:8", "green", [ "v57.6", "h153.6", "v-163.2" ] ],
    [ "lcd1:MOSI", "nano:11", "green", [ "v67.2", "h86.39", "v-134.4" ] ],
    [ "lcd1:SCK", "nano:13", "green", [ "v28.8", "h182.39", "v-9.6" ] ],
    [ "lcd1:MISO", "nano:12", "green", [ "v0", "h86.39" ] ]
  ],
  "dependencies": {}
}