{
  "version": 1,
  "author": "Uri Shaked",
  "editor": "wokwi",
  "parts": [
    { "type": "wokwi-esp32-devkit-v1", "id": "esp", "top": 23.9, "left": -43.4, "attrs": {} },
    { "type": "wokwi-dht22", "id": "dht1", "top": -28.5, "left": 81, "attrs": {} },
    {
      "type": "wokwi-lcd2004",
      "id": "lcd1",
      "top": 64,
      "left": 149.6,
      "attrs": { "pins": "i2c" }
    }
  ],
  "connections": [
    [ "esp:TX0", "$serialMonitor:RX", "", [] ],
    [ "esp:RX0", "$serialMonitor:TX", "", [] ],
    [ "dht1:SDA", "esp:D15", "white", [ "v0" ] ],
    [ "dht1:VCC", "esp:3V3", "red", [ "v0" ] ],
    [ "dht1:GND", "esp:GND.1", "black", [ "v0" ] ],
    [ "lcd1:GND", "esp:GND.2", "black", [ "h-19.2", "v105.6", "h-192" ] ],
    [ "lcd1:VCC", "esp:VIN", "red", [ "h-76.8", "v115.3", "h-134.4", "v-38.4" ] ],
    [ "lcd1:SDA", "esp:D21", "yellow", [ "h0" ] ],
    [ "lcd1:SCL", "esp:D22", "magenta", [ "h-134.4", "v-66.9", "h9.6" ] ]
  ],
  "dependencies": {}
}