{
  "version": 1,
  "author": "Arvind Patil",
  "editor": "wokwi",
  "parts": [
    { "type": "wokwi-arduino-nano", "id": "nano", "top": 100.8, "left": -38.9, "attrs": {} },
    {
      "type": "wokwi-lcd2004",
      "id": "lcd1",
      "top": -118.4,
      "left": -119.2,
      "attrs": { "pins": "i2c" }
    },
    { "type": "wokwi-ds1307", "id": "rtc1", "top": -34.2, "left": 249.7, "attrs": {} }
  ],
  "connections": [
    [ "lcd1:GND", "nano:GND.1", "black", [ "h-28.8", "v278.4", "h249.6" ] ],
    [ "lcd1:VCC", "nano:5V", "red", [ "h-19.2", "v259.3", "h220.8" ] ],
    [ "lcd1:SDA", "nano:A4", "white", [ "h-9.6", "v211.4", "h172.8" ] ],
    [ "lcd1:SCL", "nano:A5", "violet", [ "h-38.4", "v201.9", "h211.2" ] ],
    [ "rtc1:GND", "nano:GND.2", "black", [ "h-19.2", "v105.6", "h-153.6" ] ],
    [ "rtc1:5V", "nano:5V", "red", [ "h-38.4", "v210.8", "h-134.4" ] ],
    [ "rtc1:SDA", "nano:A4", "green", [ "h-19.2", "v172.5", "h-192" ] ],
    [ "rtc1:SCL", "nano:A5", "green", [ "h0", "v201.4", "h-192" ] ]
  ],
  "dependencies": {}
}