{
  "version": 1,
  "author": "Arvind Patil",
  "editor": "wokwi",
  "parts": [
    { "type": "wokwi-arduino-nano", "id": "nano", "top": 62.4, "left": -29.3, "attrs": {} },
    {
      "type": "wokwi-max7219-matrix",
      "id": "matrix1",
      "top": -76.2,
      "left": -78.96,
      "attrs": { "chain": "4","color":"WHITE" }
    },
    { "type": "wokwi-ds1307", "id": "rtc1", "top": 61.8, "left": 201.7, "attrs": {} }
  ],
  "connections": [
    [ "matrix1:V+", "nano:VIN", "red", [ "h28.8", "v96", "h-124.8", "v105.6", "h-38.4" ] ],
    [ "matrix1:GND", "nano:GND.2", "black", [ "h19.2", "v76.8", "h-182.4", "v38.4" ] ],
    [ "matrix1:DIN", "nano:11", "white", [ "h9.6", "v57.6", "h-268.8" ] ],
    [ "matrix1:CS", "nano:10", "blue", [ "h48", "v182.4", "h-297.6" ] ],
    [ "matrix1:CLK", "nano:13", "purple", [ "h57.6", "v192", "h-326.4" ] ],
    [ "rtc1:GND", "nano:GND.3", "black", [ "h0" ] ],
    [ "rtc1:5V", "nano:5V.2", "red", [ "h-28.8", "v18.8" ] ],
    [ "rtc1:SDA", "nano:A4", "white", [ "h-153.6", "v-0.3" ] ],
    [ "rtc1:SCL", "nano:A5", "gold", [ "h-144", "v9.4" ] ]
  ],
  "dependencies": {}
}