{
  "version": 1,
  "author": "Arvind Patil",
  "editor": "wokwi",
  "parts": [
    {
      "type": "board-esp32-c3-devkitm-1",
      "id": "esp",
      "top": 203.1,
      "left": 176.58,
      "rotate": 180,
      "attrs": {}
    },
    {
      "type": "wokwi-ili9341",
      "id": "lcd1",
      "top": 131.6,
      "left": -110.5,
      "rotate": 270,
      "attrs": {}
    },
    {
      "type": "wokwi-text",
      "id": "leb1",
      "top": 134.4,
      "left": -201.6,
      "attrs": { "text": " CODE LINK https://wokwi.com/projects/405392386172420097  ", "color": "green" }
    },
    {
      "type": "wokwi-text",
      "id": "leb2",
      "top": 163.2,
      "left": -144,
      "attrs": { "text": "अरविन्द पाटील 05/08/24." }
    },
    {
      "type": "wokwi-text",
      "id": "leb3",
      "top": 422.4,
      "left": -201.6,
      "attrs": { "text": " Define  TFT_CS 7,  TFT_RST 4,  TFT_DC 9, TFT_SCK 18,TFT_MOSI   19." }
    },
    { "type": "wokwi-ds1307", "id": "rtc1", "top": 244.2, "left": 326.5, "attrs": {} }
  ],
  "connections": [
    [ "esp:TX", "$serialMonitor:RX", "", [] ],
    [ "esp:RX", "$serialMonitor:TX", "", [] ],
    [ "lcd1:VCC", "esp:3V3.1", "red", [ "h28.8", "v76.8", "h105.6", "v-48" ] ],
    [ "lcd1:CS", "esp:7", "blue", [ "h38.4", "v-9.6" ] ],
    [ "lcd1:RST", "esp:4", "yellow", [ "h19.2", "v-19.2", "h19.2", "v-19.2" ] ],
    [ "lcd1:D/C", "esp:9", "green", [ "h-19.2", "v115.2", "h28.8", "v-57.6", "h28.8", "v-19.2" ] ],
    [ "lcd1:GND", "esp:GND.6", "black", [ "h19.2", "v-96", "h38.4" ] ],
    [ "lcd1:SCK", "esp:18", "purple", [ "h38.4", "v-19.19" ] ],
    [ "lcd1:MOSI", "esp:19", "white", [ "h76.8", "v-23.19" ] ],
    [ "rtc1:GND", "esp:GND.5", "black", [ "h-48", "v-57.6" ] ],
    [ "rtc1:5V", "esp:3V3.2", "red", [ "h-48", "v66.8" ] ],
    [ "rtc1:SDA", "esp:2", "green", [ "h-28.8", "v57.3" ] ],
    [ "rtc1:SCL", "esp:3", "green", [ "h-28.8", "v47.8" ] ]
  ],
  "dependencies": {}
}