{
  "version": 1,
  "author": "Arvind Patil",
  "editor": "wokwi",
  "parts": [
    {
      "type": "board-wemos-s2-mini",
      "id": "esp",
      "top": -42.54,
      "left": 173.6,
      "rotate": 180,
      "attrs": {}
    },
    {
      "type": "wokwi-ili9341",
      "id": "lcd1",
      "top": -122,
      "left": -120.1,
      "rotate": 270,
      "attrs": {}
    },
    { "type": "wokwi-ds1307", "id": "rtc1", "top": -197.4, "left": 153.7, "attrs": {} }
  ],
  "connections": [
    [ "lcd1:VCC", "nano:VIN", "red", [ "h33.8", "v40.4" ] ],
    [ "lcd1:GND", "nano:GND.1", "black", [ "h53", "v40.4" ] ],
    [ "lcd1:CS", "nano:10", "magenta", [ "h110.6", "v-55.6", "h19.2" ] ],
    [ "lcd1:RST", "nano:8", "yellow", [ "h120.2", "v-26.8" ] ],
    [ "lcd1:D/C", "nano:9", "blue", [ "h101", "v2" ] ],
    [ "lcd1:MOSI", "nano:11", "white", [ "h81.8", "v-36.39" ] ],
    [ "lcd1:SCK", "nano:13", "purple", [ "h43.4", "v-7.59" ] ],
    [ "lcd1:VCC", "esp:VBUS", "red", [ "h57.6", "v-86.4", "h9.6" ] ],
    [ "lcd1:GND", "esp:GND.1", "black", [ "h28.8", "v-105.6", "h67.2", "v48" ] ],
    [ "esp:7(SCK)", "lcd1:SCK", "blue", [ "h28.8", "v-115.2", "h-211.2", "v124.8" ] ],
    [ "lcd1:MISO", "esp:9(MISO)", "green", [ "h19.2", "v-47.99", "h153.6", "v76.8" ] ],
    [ "esp:11(MOSI)", "lcd1:MOSI", "green", [ "h-153.6", "v9.6" ] ],
    [ "lcd1:CS", "esp:12", "green", [ "h124.8", "v-57.6" ] ],
    [ "lcd1:RST", "esp:8", "yellow", [ "h134.4", "v-19.2", "h9.6" ] ],
    [ "lcd1:D/C", "esp:14", "green", [ "h48", "v-48" ] ],
    [ "rtc1:GND", "lcd1:GND", "black", [ "h-76.8", "v240" ] ],
    [ "rtc1:5V", "lcd1:VCC", "red", [ "h-57.6", "v95.6", "h48", "v211.2", "h-48" ] ],
    [ "rtc1:SCL", "esp:35(SCL)", "green", [ "h-28.8", "v57.4", "h38.4", "v124.8" ] ],
    [ "rtc1:SDA", "esp:33(SDA)", "green", [ "h-96", "v57.3", "h144", "v124.8" ] ]
  ],
  "dependencies": {}
}