{
  "version": 1,
  "author": "Arvind Patil",
  "editor": "wokwi",
  "parts": [
    {
      "type": "wokwi-arduino-nano",
      "id": "nano",
      "top": 41.4,
      "left": 97.5,
      "rotate": 90,
      "attrs": {}
    },
    {
      "type": "wokwi-text",
      "id": "leb1",
      "top": 211.2,
      "left": -201.6,
      "attrs": {
        "text": " https://wokwi.com/projects/384370239811996673 get code.",
        "style": "font-weight: bold; color: magenta;"
      }
    },
    {
      "type": "wokwi-text",
      "id": "leb2",
      "top": -105.6,
      "left": 28.8,
      "attrs": { "text": " अरविन्द पाटील इंद्रधनुषयी घडयाळ 17/12/23 .", "style": "font-weight: bold; color: magenta;" }
    },
    {
      "type": "wokwi-ili9341",
      "id": "lcd1",
      "top": -83.6,
      "left": -148.9,
      "rotate": 270,
      "attrs": {}
    },
    { "type": "wokwi-ds1307", "id": "rtc1", "top": 42.6, "left": 259.3, "attrs": {} }
  ],
  "connections": [
    [ "lcd1:VCC", "nano:VIN", "red", [ "h33.8", "v40.4" ] ],
    [ "lcd1:GND", "nano:GND.1", "black", [ "h53", "v40.4" ] ],
    [ "lcd1:CS", "nano:10", "magenta", [ "h110.6", "v-55.6", "h19.2" ] ],
    [ "lcd1:RST", "nano:8", "yellow", [ "h120.2", "v-26.8" ] ],
    [ "lcd1:D/C", "nano:9", "blue", [ "h101", "v2" ] ],
    [ "lcd1:MOSI", "nano:11", "white", [ "h81.8", "v-36.39" ] ],
    [ "lcd1:SCK", "nano:13", "purple", [ "h43.4", "v-7.59" ] ],
    [ "rtc1:GND", "nano:GND.2", "black", [ "h-19.2", "v57.6" ] ],
    [ "rtc1:5V", "nano:5V.2", "red", [ "h-19.2", "v57.2", "h-76.8" ] ],
    [ "rtc1:SDA", "nano:A4", "green", [ "h0" ] ],
    [ "rtc1:SCL", "nano:A5", "green", [ "h0" ] ]
  ],
  "dependencies": {}
}