{
  "version": 1,
  "author": "Arvind Patil",
  "editor": "wokwi",
  "parts": [
    { "type": "wokwi-arduino-nano", "id": "nano", "top": -62.4, "left": -67.7, "attrs": {} },
    { "type": "board-grove-oled-sh1107", "id": "oled1", "top": 28.57, "left": -83.3, "attrs": {} },
    { "type": "wokwi-ds1307", "id": "rtc1", "top": -72.6, "left": 163.3, "attrs": {} }
  ],
  "connections": [
    [ "nano:GND.1", "rtc1:GND", "black", [ "v19.2", "h38.4", "v-67.2" ] ],
    [
      "rtc1:5V",
      "oled1:VCC",
      "red",
      [ "h-115.2", "v76.4", "h-76.8", "v19.2", "h153.6", "v-9.6" ]
    ],
    [ "nano:GND.2", "oled1:GND.1", "black", [ "v-19.2", "h105.6", "v172.8" ] ],
    [ "rtc1:SDA", "oled1:SDA", "green", [ "h-48", "v162.9" ] ],
    [ "rtc1:SCL", "oled1:SCL.1", "green", [ "h-28.8", "v153.4" ] ],
    [ "nano:A4", "rtc1:SDA", "green", [ "v28.8", "h163.2", "v-67.2" ] ],
    [ "nano:A5", "rtc1:SCL", "green", [ "v38.4", "h163.2" ] ]
  ],
  "dependencies": {}
}